action,date,score,running_total
discussion_entry,2016-01-21,3,3
get_discussion_entry_reply,2016-01-22,1,4
like,2016-01-23,1,5
asset_comment,2016-01-23,3,8
like,2016-01-23,1,9
like,2016-01-23,1,10
get_asset_comment_reply,2016-01-24,1,11
submit_assignment,2016-01-24,20,31
get_like,2016-01-24,1,32
like,2016-01-24,1,33
get_like,2016-01-24,1,34
get_like,2016-01-24,1,35
get_like,2016-01-24,1,36
get_like,2016-01-24,1,37
get_like,2016-01-24,1,38
get_like,2016-01-25,1,39
like,2016-01-25,1,40
get_like,2016-01-25,1,41
get_like,2016-01-25,1,42
get_like,2016-01-25,1,43
get_like,2016-01-25,1,44
get_like,2016-01-25,1,45
get_asset_comment,2016-01-25,1,46
get_like,2016-01-25,1,47
get_like,2016-01-26,1,48
get_like,2016-01-26,1,49
get_like,2016-01-26,1,50
get_like,2016-01-26,1,51
get_like,2016-01-26,1,52
get_like,2016-01-26,1,53
get_like,2016-01-26,1,54
get_like,2016-01-26,1,55
like,2016-01-26,1,56
get_like,2016-01-26,1,57
discussion_entry,2016-01-26,3,60
get_asset_comment,2016-01-26,1,61
asset_comment,2016-01-26,3,64
asset_comment,2016-01-26,3,67
asset_comment,2016-01-26,3,70
discussion_entry,2016-01-26,3,73
like,2016-01-26,1,74
like,2016-01-26,1,75
asset_comment,2016-01-26,3,78
like,2016-01-26,1,79
like,2016-01-26,1,80
asset_comment,2016-01-26,3,83
like,2016-01-26,1,84
asset_comment,2016-01-26,3,87
like,2016-01-26,1,88
get_asset_comment_reply,2016-01-26,1,89
get_asset_comment,2016-01-27,1,90
get_asset_comment_reply,2016-01-27,1,91
like,2016-01-27,1,92
like,2016-01-27,1,93
like,2016-01-27,1,94
like,2016-01-27,1,95
like,2016-01-27,1,96
like,2016-01-27,1,97
like,2016-01-27,1,98
get_like,2016-01-28,1,99
get_like,2016-01-28,1,100
get_asset_comment,2016-01-28,1,101
get_like,2016-01-28,1,102
like,2016-01-28,1,103
asset_comment,2016-01-28,3,106
like,2016-01-28,1,107
asset_comment,2016-01-28,3,110
like,2016-01-28,1,111
like,2016-01-28,1,112
like,2016-01-28,1,113
like,2016-01-28,1,114
like,2016-01-28,1,115
like,2016-01-28,1,116
like,2016-01-28,1,117
like,2016-01-28,1,118
like,2016-01-28,1,119
like,2016-01-28,1,120
asset_comment,2016-01-28,3,123
asset_comment,2016-01-28,3,126
get_asset_comment_reply,2016-01-28,1,127
get_asset_comment_reply,2016-01-29,1,128
like,2016-01-29,1,129
get_like,2016-01-29,1,130
submit_assignment,2016-01-30,20,150
get_like,2016-01-30,1,151
get_like,2016-01-31,1,152
get_like,2016-01-31,1,153
get_like,2016-01-31,1,154
get_like,2016-01-31,1,155
get_like,2016-01-31,1,156
get_like,2016-01-31,1,157
get_like,2016-01-31,1,158
get_like,2016-01-31,1,159
get_like,2016-01-31,1,160
get_like,2016-02-01,1,161
get_like,2016-02-01,1,162
get_like,2016-02-01,1,163
get_asset_comment,2016-02-01,1,164
get_like,2016-02-01,1,165
get_like,2016-02-01,1,166
get_like,2016-02-01,1,167
get_like,2016-02-01,1,168
get_like,2016-02-01,1,169
get_like,2016-02-01,1,170
get_asset_comment,2016-02-02,1,171
get_like,2016-02-02,1,172
asset_comment,2016-02-02,3,175
get_like,2016-02-02,1,176
get_like,2016-02-02,1,177
like,2016-02-02,1,178
get_like,2016-02-02,1,179
like,2016-02-02,1,180
asset_comment,2016-02-02,3,183
asset_comment,2016-02-02,3,186
like,2016-02-02,1,187
get_asset_comment_reply,2016-02-03,1,188
asset_comment,2016-02-04,3,191
like,2016-02-04,1,192
like,2016-02-04,1,193
asset_comment,2016-02-04,3,196
add_asset,2016-02-04,20,216
like,2016-02-04,1,217
asset_comment,2016-02-04,3,220
get_like,2016-02-04,1,221
get_like,2016-02-04,1,222
get_like,2016-02-05,1,223
get_asset_comment_reply,2016-02-05,1,224
get_like,2016-02-05,1,225
get_asset_comment,2016-02-05,1,226
get_like,2016-02-05,1,227
get_asset_comment,2016-02-06,1,228
asset_comment,2016-02-06,3,231
like,2016-02-06,1,232
asset_comment,2016-02-06,3,235
get_like,2016-02-06,1,236
get_like,2016-02-06,1,237
get_asset_comment_reply,2016-02-06,1,238
like,2016-02-06,1,239
get_like,2016-02-06,1,240
get_like,2016-02-06,1,241
get_like,2016-02-06,1,242
get_asset_comment,2016-02-06,1,243
asset_comment,2016-02-06,3,246
get_asset_comment,2016-02-06,1,247
get_like,2016-02-06,1,248
get_asset_comment,2016-02-06,1,249
get_asset_comment_reply,2016-02-07,1,250
like,2016-02-07,1,251
asset_comment,2016-02-07,3,254
like,2016-02-07,1,255
asset_comment,2016-02-07,3,258
get_asset_comment,2016-02-07,1,259
asset_comment,2016-02-07,3,262
get_asset_comment,2016-02-07,1,263
asset_comment,2016-02-07,3,266
asset_comment,2016-02-07,3,269
like,2016-02-07,1,270
get_like,2016-02-07,1,271
get_asset_comment_reply,2016-02-07,1,272
asset_comment,2016-02-07,3,275
like,2016-02-07,1,276
like,2016-02-07,1,277
get_asset_comment_reply,2016-02-07,1,278
get_like,2016-02-07,1,279
get_like,2016-02-07,1,280
get_asset_comment_reply,2016-02-07,1,281
get_asset_comment,2016-02-07,1,282
get_like,2016-02-07,1,283
get_like,2016-02-07,1,284
get_asset_comment,2016-02-07,1,285
add_asset,2016-02-07,20,305
get_like,2016-02-07,1,306
get_like,2016-02-07,1,307
get_like,2016-02-07,1,308
get_like,2016-02-07,1,309
get_like,2016-02-07,1,310
get_like,2016-02-07,1,311
get_like,2016-02-07,1,312
get_like,2016-02-07,1,313
get_asset_comment_reply,2016-02-07,1,314
get_like,2016-02-07,1,315
get_like,2016-02-07,1,316
get_like,2016-02-07,1,317
get_like,2016-02-07,1,318
get_like,2016-02-07,1,319
get_like,2016-02-07,1,320
get_like,2016-02-07,1,321
get_like,2016-02-07,1,322
get_asset_comment,2016-02-07,1,323
get_like,2016-02-07,1,324
get_like,2016-02-07,1,325
get_asset_comment,2016-02-08,1,326
get_like,2016-02-08,1,327
get_like,2016-02-08,1,328
get_asset_comment,2016-02-08,1,329
get_like,2016-02-08,1,330
get_asset_comment,2016-02-08,1,331
get_asset_comment,2016-02-08,1,332
get_like,2016-02-08,1,333
get_asset_comment,2016-02-08,1,334
get_like,2016-02-08,1,335
get_like,2016-02-08,1,336
get_like,2016-02-08,1,337
get_asset_comment_reply,2016-02-08,1,338
get_like,2016-02-08,1,339
get_asset_comment,2016-02-08,1,340
get_like,2016-02-08,1,341
get_like,2016-02-08,1,342
get_like,2016-02-08,1,343
get_like,2016-02-08,1,344
get_like,2016-02-08,1,345
get_like,2016-02-08,1,346
get_like,2016-02-08,1,347
get_like,2016-02-08,1,348
get_like,2016-02-08,1,349
get_like,2016-02-08,1,350
get_like,2016-02-08,1,351
get_like,2016-02-08,1,352
get_like,2016-02-08,1,353
like,2016-02-08,1,354
asset_comment,2016-02-08,3,357
get_asset_comment,2016-02-08,1,358
like,2016-02-08,1,359
get_like,2016-02-08,1,360
asset_comment,2016-02-08,3,363
get_asset_comment_reply,2016-02-08,1,364
get_asset_comment,2016-02-09,1,365
get_asset_comment,2016-02-09,1,366
get_like,2016-02-09,1,367
get_like,2016-02-09,1,368
get_like,2016-02-09,1,369
get_like,2016-02-09,1,370
get_like,2016-02-09,1,371
get_like,2016-02-09,1,372
get_like,2016-02-09,1,373
get_asset_comment,2016-02-09,1,374
get_asset_comment_reply,2016-02-09,1,375
get_like,2016-02-09,1,376
get_like,2016-02-09,1,377
get_like,2016-02-09,1,378
get_like,2016-02-09,1,379
get_like,2016-02-09,1,380
get_asset_comment,2016-02-09,1,381
get_like,2016-02-09,1,382
get_asset_comment,2016-02-09,1,383
get_asset_comment,2016-02-09,1,384
asset_comment,2016-02-09,3,387
get_asset_comment,2016-02-09,1,388
get_asset_comment,2016-02-09,1,389
asset_comment,2016-02-09,3,392
get_asset_comment,2016-02-09,1,393
like,2016-02-09,1,394
like,2016-02-09,1,395
asset_comment,2016-02-09,3,398
asset_comment,2016-02-09,3,401
get_asset_comment,2016-02-09,1,402
asset_comment,2016-02-09,3,405
get_asset_comment,2016-02-09,1,406
asset_comment,2016-02-09,3,409
asset_comment,2016-02-09,3,412
get_asset_comment,2016-02-09,1,413
asset_comment,2016-02-09,3,416
get_asset_comment,2016-02-09,1,417
asset_comment,2016-02-09,3,420
like,2016-02-09,1,421
asset_comment,2016-02-09,3,424
get_asset_comment,2016-02-09,1,425
asset_comment,2016-02-09,3,428
get_asset_comment,2016-02-10,1,429
get_asset_comment,2016-02-10,1,430
get_asset_comment,2016-02-10,1,431
asset_comment,2016-02-10,3,434
asset_comment,2016-02-10,3,437
get_asset_comment,2016-02-10,1,438
get_like,2016-02-10,1,439
add_asset,2016-02-10,20,459
get_like,2016-02-10,1,460
get_asset_comment,2016-02-11,1,461
get_like,2016-02-11,1,462
get_like,2016-02-11,1,463
get_like,2016-02-11,1,464
get_like,2016-02-11,1,465
get_asset_comment,2016-02-11,1,466
get_like,2016-02-11,1,467
get_like,2016-02-11,1,468
get_like,2016-02-11,1,469
asset_comment,2016-02-12,3,472
get_asset_comment,2016-02-12,1,473
asset_comment,2016-02-12,3,476
get_like,2016-02-12,1,477
get_like,2016-02-12,1,478
get_like,2016-02-12,1,479
get_like,2016-02-12,1,480
get_like,2016-02-13,1,481
get_like,2016-02-13,1,482
get_asset_comment,2016-02-14,1,483
get_asset_comment,2016-02-14,1,484
get_like,2016-02-14,1,485
get_like,2016-02-14,1,486
get_like,2016-02-14,1,487
get_like,2016-02-15,1,488
get_like,2016-02-15,1,489
get_like,2016-02-15,1,490
get_like,2016-02-15,1,491
get_asset_comment,2016-02-15,1,492
get_like,2016-02-15,1,493
get_asset_comment,2016-02-15,1,494
get_like,2016-02-16,1,495
get_like,2016-02-16,1,496
get_like,2016-02-16,1,497
get_asset_comment,2016-02-16,1,498
asset_comment,2016-02-16,3,501
like,2016-02-16,1,502
asset_comment,2016-02-16,3,505
get_asset_comment,2016-02-16,1,506
asset_comment,2016-02-16,3,509
get_asset_comment,2016-02-16,1,510
asset_comment,2016-02-16,3,513
get_like,2016-02-17,1,514
submit_assignment,2016-02-18,20,534
submit_assignment,2016-02-18,20,554
discussion_entry,2016-02-18,3,557
discussion_entry,2016-02-18,3,560
get_like,2016-02-18,1,561
get_like,2016-02-18,1,562
get_like,2016-02-18,1,563
get_like,2016-02-18,1,564
get_like,2016-02-18,1,565
get_like,2016-02-18,1,566
get_like,2016-02-18,1,567
get_like,2016-02-18,1,568
get_like,2016-02-18,1,569
get_like,2016-02-18,1,570
get_like,2016-02-19,1,571
get_like,2016-02-19,1,572
get_like,2016-02-19,1,573
get_like,2016-02-21,1,574
get_like,2016-02-21,1,575
get_like,2016-02-21,1,576
get_like,2016-02-22,1,577
get_like,2016-02-22,1,578
get_like,2016-02-22,1,579
get_like,2016-02-22,1,580
get_like,2016-02-22,1,581
get_like,2016-02-22,1,582
get_like,2016-02-22,1,583
get_like,2016-02-22,1,584
get_like,2016-02-23,1,585
get_like,2016-02-25,1,586
get_like,2016-02-25,1,587
get_asset_comment,2016-02-26,1,588
get_like,2016-02-26,1,589
get_like,2016-02-27,1,590
get_like,2016-02-27,1,591
get_like,2016-02-27,1,592
get_like,2016-02-27,1,593
get_like,2016-02-27,1,594
get_like,2016-02-28,1,595
get_like,2016-02-29,1,596
get_like,2016-02-29,1,597
get_like,2016-02-29,1,598
get_like,2016-02-29,1,599
get_like,2016-02-29,1,600
get_like,2016-02-29,1,601
get_like,2016-02-29,1,602
get_like,2016-02-29,1,603
get_like,2016-02-29,1,604
get_like,2016-03-01,1,605
get_like,2016-03-01,1,606
get_like,2016-03-01,1,607
get_like,2016-03-01,1,608
submit_assignment,2016-03-02,20,628
add_asset,2016-03-02,20,648
asset_comment,2016-03-02,3,651
like,2016-03-02,1,652
get_asset_comment,2016-03-02,1,653
asset_comment,2016-03-02,3,656
get_asset_comment,2016-03-02,1,657
asset_comment,2016-03-02,3,660
get_like,2016-03-02,1,661
get_like,2016-03-02,1,662
get_like,2016-03-02,1,663
get_like,2016-03-02,1,664
get_like,2016-03-02,1,665
get_like,2016-03-02,1,666
get_asset_comment,2016-03-02,1,667
get_like,2016-03-02,1,668
get_like,2016-03-02,1,669
get_like,2016-03-02,1,670
get_like,2016-03-02,1,671
get_like,2016-03-02,1,672
get_like,2016-03-02,1,673
get_like,2016-03-03,1,674
get_like,2016-03-03,1,675
get_like,2016-03-03,1,676
get_like,2016-03-03,1,677
get_like,2016-03-03,1,678
get_like,2016-03-03,1,679
get_like,2016-03-03,1,680
get_like,2016-03-03,1,681
get_like,2016-03-03,1,682
get_like,2016-03-03,1,683
get_like,2016-03-03,1,684
get_like,2016-03-03,1,685
get_like,2016-03-03,1,686
get_like,2016-03-03,1,687
get_like,2016-03-03,1,688
get_like,2016-03-03,1,689
get_like,2016-03-03,1,690
get_like,2016-03-03,1,691
get_like,2016-03-03,1,692
get_like,2016-03-03,1,693
get_like,2016-03-03,1,694
get_like,2016-03-03,1,695
get_like,2016-03-03,1,696
get_like,2016-03-03,1,697
get_asset_comment,2016-03-04,1,698
get_asset_comment,2016-03-04,1,699
get_like,2016-03-04,1,700
get_like,2016-03-04,1,701
get_like,2016-03-05,1,702
get_like,2016-03-05,1,703
get_like,2016-03-05,1,704
get_like,2016-03-05,1,705
get_asset_comment,2016-03-05,1,706
get_like,2016-03-05,1,707
get_asset_comment,2016-03-05,1,708
get_asset_comment,2016-03-05,1,709
get_like,2016-03-05,1,710
get_asset_comment,2016-03-05,1,711
get_asset_comment,2016-03-06,1,712
get_like,2016-03-06,1,713
get_like,2016-03-07,1,714
get_like,2016-03-07,1,715
get_asset_comment,2016-03-08,1,716
asset_comment,2016-03-08,3,719
get_asset_comment,2016-03-08,1,720
asset_comment,2016-03-08,3,723
get_asset_comment,2016-03-08,1,724
asset_comment,2016-03-08,3,727
get_asset_comment,2016-03-08,1,728
asset_comment,2016-03-08,3,731
get_asset_comment,2016-03-08,1,732
asset_comment,2016-03-08,3,735
asset_comment,2016-03-08,3,738
asset_comment,2016-03-08,3,741
like,2016-03-08,1,742
asset_comment,2016-03-08,3,745
like,2016-03-08,1,746
asset_comment,2016-03-08,3,749
like,2016-03-08,1,750
asset_comment,2016-03-08,3,753
asset_comment,2016-03-08,3,756
get_asset_comment_reply,2016-03-08,1,757
get_asset_comment_reply,2016-03-08,1,758
submit_assignment,2016-03-08,20,778
get_like,2016-03-08,1,779
get_like,2016-03-09,1,780
add_asset,2016-03-09,20,800
get_like,2016-03-09,1,801
get_like,2016-03-09,1,802
get_like,2016-03-09,1,803
get_like,2016-03-09,1,804
get_like,2016-03-09,1,805
get_like,2016-03-09,1,806
get_like,2016-03-09,1,807
get_like,2016-03-09,1,808
get_like,2016-03-09,1,809
get_like,2016-03-09,1,810
get_like,2016-03-09,1,811
get_like,2016-03-09,1,812
get_like,2016-03-10,1,813
get_like,2016-03-10,1,814
get_like,2016-03-10,1,815
get_like,2016-03-10,1,816
get_like,2016-03-10,1,817
get_like,2016-03-10,1,818
get_like,2016-03-10,1,819
get_like,2016-03-10,1,820
get_like,2016-03-10,1,821
get_like,2016-03-10,1,822
get_like,2016-03-10,1,823
get_like,2016-03-10,1,824
get_asset_comment,2016-03-10,1,825
get_like,2016-03-10,1,826
get_like,2016-03-10,1,827
get_like,2016-03-10,1,828
get_like,2016-03-11,1,829
get_like,2016-03-11,1,830
get_like,2016-03-11,1,831
get_like,2016-03-11,1,832
get_like,2016-03-11,1,833
get_like,2016-03-11,1,834
get_like,2016-03-11,1,835
get_like,2016-03-11,1,836
get_asset_comment,2016-03-11,1,837
asset_comment,2016-03-11,3,840
add_asset,2016-03-11,20,860
get_like,2016-03-11,1,861
get_like,2016-03-11,1,862
get_like,2016-03-11,1,863
get_like,2016-03-11,1,864
get_like,2016-03-11,1,865
get_like,2016-03-12,1,866
get_like,2016-03-12,1,867
get_asset_comment,2016-03-12,1,868
get_like,2016-03-12,1,869
get_asset_comment,2016-03-12,1,870
get_like,2016-03-12,1,871
get_like,2016-03-13,1,872
get_like,2016-03-13,1,873
get_like,2016-03-13,1,874
get_like,2016-03-13,1,875
get_like,2016-03-13,1,876
get_like,2016-03-13,1,877
get_like,2016-03-13,1,878
get_like,2016-03-13,1,879
get_like,2016-03-13,1,880
get_like,2016-03-13,1,881
get_like,2016-03-13,1,882
get_like,2016-03-13,1,883
get_like,2016-03-13,1,884
get_like,2016-03-13,1,885
get_like,2016-03-13,1,886
get_like,2016-03-13,1,887
get_like,2016-03-13,1,888
submit_assignment,2016-03-13,20,908
get_like,2016-03-13,1,909
submit_assignment,2016-03-13,20,929
asset_comment,2016-03-13,3,932
get_like,2016-03-13,1,933
get_like,2016-03-13,1,934
get_like,2016-03-13,1,935
get_asset_comment,2016-03-13,1,936
get_like,2016-03-13,1,937
get_like,2016-03-13,1,938
get_asset_comment,2016-03-13,1,939
get_like,2016-03-13,1,940
get_like,2016-03-13,1,941
get_like,2016-03-13,1,942
get_like,2016-03-13,1,943
get_asset_comment,2016-03-13,1,944
get_like,2016-03-14,1,945
get_like,2016-03-14,1,946
get_like,2016-03-14,1,947
get_like,2016-03-14,1,948
get_like,2016-03-14,1,949
get_like,2016-03-14,1,950
get_like,2016-03-14,1,951
get_like,2016-03-14,1,952
get_like,2016-03-14,1,953
get_like,2016-03-14,1,954
get_like,2016-03-14,1,955
get_like,2016-03-14,1,956
get_like,2016-03-14,1,957
get_like,2016-03-14,1,958
get_like,2016-03-14,1,959
get_like,2016-03-14,1,960
get_like,2016-03-14,1,961
get_like,2016-03-14,1,962
get_like,2016-03-14,1,963
get_like,2016-03-14,1,964
get_like,2016-03-14,1,965
get_like,2016-03-14,1,966
get_like,2016-03-14,1,967
get_like,2016-03-14,1,968
get_asset_comment,2016-03-15,1,969
get_asset_comment,2016-03-15,1,970
get_like,2016-03-15,1,971
asset_comment,2016-03-15,3,974
like,2016-03-15,1,975
like,2016-03-15,1,976
asset_comment,2016-03-15,3,979
like,2016-03-15,1,980
get_like,2016-03-15,1,981
get_like,2016-03-15,1,982
asset_comment,2016-03-15,3,985
like,2016-03-15,1,986
asset_comment,2016-03-15,3,989
get_like,2016-03-15,1,990
get_like,2016-03-15,1,991
get_like,2016-03-15,1,992
get_like,2016-03-15,1,993
get_like,2016-03-15,1,994
get_like,2016-03-15,1,995
get_like,2016-03-15,1,996
get_like,2016-03-15,1,997
get_like,2016-03-15,1,998
get_asset_comment_reply,2016-03-15,1,999
get_like,2016-03-15,1,1000
get_like,2016-03-15,1,1001
get_like,2016-03-15,1,1002
get_like,2016-03-15,1,1003
get_like,2016-03-15,1,1004
get_asset_comment_reply,2016-03-15,1,1005
get_like,2016-03-15,1,1006
get_like,2016-03-15,1,1007
get_like,2016-03-16,1,1008
get_like,2016-03-16,1,1009
get_like,2016-03-16,1,1010
get_like,2016-03-17,1,1011
get_like,2016-03-17,1,1012
get_like,2016-03-17,1,1013
get_like,2016-03-17,1,1014
get_like,2016-03-17,1,1015
get_like,2016-03-17,1,1016
get_like,2016-03-17,1,1017
get_like,2016-03-17,1,1018
get_like,2016-03-19,1,1019
get_like,2016-03-19,1,1020
get_like,2016-03-19,1,1021
get_like,2016-03-19,1,1022
get_like,2016-03-19,1,1023
get_like,2016-03-19,1,1024
get_like,2016-03-19,1,1025
get_like,2016-03-19,1,1026
get_like,2016-03-19,1,1027
get_like,2016-03-19,1,1028
get_like,2016-03-19,1,1029
get_like,2016-03-19,1,1030
get_like,2016-03-19,1,1031
get_like,2016-03-19,1,1032
get_like,2016-03-20,1,1033
get_like,2016-03-20,1,1034
get_like,2016-03-20,1,1035
get_like,2016-03-20,1,1036
get_like,2016-03-20,1,1037
get_like,2016-03-20,1,1038
get_like,2016-03-20,1,1039
get_like,2016-03-26,1,1040
get_like,2016-03-26,1,1041
get_like,2016-03-26,1,1042
get_like,2016-03-26,1,1043
get_like,2016-03-26,1,1044
get_like,2016-03-26,1,1045
get_like,2016-03-26,1,1046
submit_assignment,2016-03-27,20,1066
asset_comment,2016-03-27,3,1069
like,2016-03-27,1,1070
asset_comment,2016-03-27,3,1073
like,2016-03-27,1,1074
get_like,2016-03-27,1,1075
get_asset_comment_reply,2016-03-27,1,1076
get_like,2016-03-27,1,1077
get_like,2016-03-27,1,1078
get_like,2016-03-27,1,1079
get_like,2016-03-27,1,1080
get_like,2016-03-27,1,1081
get_like,2016-03-27,1,1082
get_like,2016-03-27,1,1083
get_like,2016-03-27,1,1084
like,2016-03-27,1,1085
get_like,2016-03-28,1,1086
get_like,2016-03-28,1,1087
get_like,2016-03-28,1,1088
add_asset,2016-03-28,20,1108
like,2016-03-28,1,1109
asset_comment,2016-03-28,3,1112
get_like,2016-03-28,1,1113
get_like,2016-03-28,1,1114
get_like,2016-03-28,1,1115
get_like,2016-03-28,1,1116
get_like,2016-03-29,1,1117
get_like,2016-03-29,1,1118
get_like,2016-03-29,1,1119
get_like,2016-03-29,1,1120
get_like,2016-03-29,1,1121
get_like,2016-03-29,1,1122
get_like,2016-03-29,1,1123
get_like,2016-03-29,1,1124
get_like,2016-03-29,1,1125
get_like,2016-03-29,1,1126
get_like,2016-03-29,1,1127
get_like,2016-03-29,1,1128
get_like,2016-03-29,1,1129
get_like,2016-03-29,1,1130
get_like,2016-03-29,1,1131
get_like,2016-03-29,1,1132
get_like,2016-03-29,1,1133
get_like,2016-03-29,1,1134
get_like,2016-03-29,1,1135
get_like,2016-03-29,1,1136
get_like,2016-03-29,1,1137
get_like,2016-03-29,1,1138
get_like,2016-03-29,1,1139
get_like,2016-03-29,1,1140
get_like,2016-03-29,1,1141
get_like,2016-03-29,1,1142
get_like,2016-03-29,1,1143
get_like,2016-03-29,1,1144
get_like,2016-03-29,1,1145
get_like,2016-03-29,1,1146
get_like,2016-03-29,1,1147
get_like,2016-03-29,1,1148
get_like,2016-03-29,1,1149
get_like,2016-03-29,1,1150
get_like,2016-03-29,1,1151
get_like,2016-03-29,1,1152
like,2016-03-29,1,1153
asset_comment,2016-03-29,3,1156
get_like,2016-03-31,1,1157
get_like,2016-03-31,1,1158
get_like,2016-03-31,1,1159
get_like,2016-03-31,1,1160
get_like,2016-03-31,1,1161
get_like,2016-03-31,1,1162
get_like,2016-04-04,1,1163
get_like,2016-04-04,1,1164
get_like,2016-04-04,1,1165
get_like,2016-04-04,1,1166
get_like,2016-04-04,1,1167
get_like,2016-04-04,1,1168
get_like,2016-04-04,1,1169
get_like,2016-04-04,1,1170
get_like,2016-04-04,1,1171
get_like,2016-04-04,1,1172
get_like,2016-04-04,1,1173
get_like,2016-04-04,1,1174
get_like,2016-04-04,1,1175
get_like,2016-04-04,1,1176
get_like,2016-04-04,1,1177
get_like,2016-04-04,1,1178
get_like,2016-04-05,1,1179
get_like,2016-04-05,1,1180
get_like,2016-04-05,1,1181
get_like,2016-04-05,1,1182
get_like,2016-04-05,1,1183
get_like,2016-04-05,1,1184
get_like,2016-04-05,1,1185
get_like,2016-04-05,1,1186
get_like,2016-04-05,1,1187
like,2016-04-05,1,1188
asset_comment,2016-04-05,3,1191
like,2016-04-05,1,1192
like,2016-04-05,1,1193
like,2016-04-05,1,1194
like,2016-04-05,1,1195
asset_comment,2016-04-05,3,1198
like,2016-04-05,1,1199
like,2016-04-05,1,1200
like,2016-04-05,1,1201
like,2016-04-05,1,1202
like,2016-04-05,1,1203
like,2016-04-05,1,1204
like,2016-04-05,1,1205
like,2016-04-05,1,1206
like,2016-04-05,1,1207
like,2016-04-05,1,1208
like,2016-04-05,1,1209
like,2016-04-05,1,1210
like,2016-04-05,1,1211
like,2016-04-05,1,1212
like,2016-04-05,1,1213
like,2016-04-05,1,1214
like,2016-04-05,1,1215
like,2016-04-05,1,1216
like,2016-04-05,1,1217
like,2016-04-05,1,1218
like,2016-04-05,1,1219
like,2016-04-05,1,1220
like,2016-04-05,1,1221
like,2016-04-05,1,1222
like,2016-04-05,1,1223
like,2016-04-05,1,1224
like,2016-04-05,1,1225
like,2016-04-05,1,1226
like,2016-04-05,1,1227
like,2016-04-05,1,1228
like,2016-04-05,1,1229
like,2016-04-05,1,1230
like,2016-04-05,1,1231
like,2016-04-05,1,1232
like,2016-04-05,1,1233
like,2016-04-05,1,1234
like,2016-04-05,1,1235
like,2016-04-05,1,1236
like,2016-04-05,1,1237
like,2016-04-05,1,1238
like,2016-04-05,1,1239
like,2016-04-05,1,1240
like,2016-04-05,1,1241
like,2016-04-05,1,1242
like,2016-04-05,1,1243
like,2016-04-05,1,1244
like,2016-04-05,1,1245
like,2016-04-05,1,1246
like,2016-04-05,1,1247
like,2016-04-05,1,1248
like,2016-04-05,1,1249
like,2016-04-05,1,1250
like,2016-04-05,1,1251
like,2016-04-05,1,1252
like,2016-04-05,1,1253
like,2016-04-05,1,1254
like,2016-04-05,1,1255
like,2016-04-05,1,1256
like,2016-04-05,1,1257
like,2016-04-05,1,1258
like,2016-04-05,1,1259
like,2016-04-05,1,1260
like,2016-04-05,1,1261
like,2016-04-05,1,1262
like,2016-04-05,1,1263
like,2016-04-05,1,1264
like,2016-04-05,1,1265
like,2016-04-05,1,1266
like,2016-04-05,1,1267
like,2016-04-05,1,1268
like,2016-04-05,1,1269
like,2016-04-05,1,1270
like,2016-04-05,1,1271
like,2016-04-05,1,1272
like,2016-04-05,1,1273
like,2016-04-05,1,1274
like,2016-04-05,1,1275
like,2016-04-05,1,1276
like,2016-04-05,1,1277
like,2016-04-05,1,1278
like,2016-04-05,1,1279
like,2016-04-05,1,1280
like,2016-04-05,1,1281
like,2016-04-05,1,1282
like,2016-04-05,1,1283
like,2016-04-05,1,1284
like,2016-04-05,1,1285
like,2016-04-05,1,1286
like,2016-04-05,1,1287
like,2016-04-05,1,1288
like,2016-04-05,1,1289
like,2016-04-05,1,1290
like,2016-04-05,1,1291
like,2016-04-05,1,1292
like,2016-04-05,1,1293
like,2016-04-05,1,1294
like,2016-04-05,1,1295
like,2016-04-05,1,1296
like,2016-04-05,1,1297
like,2016-04-05,1,1298
like,2016-04-05,1,1299
like,2016-04-05,1,1300
like,2016-04-05,1,1301
like,2016-04-05,1,1302
like,2016-04-05,1,1303
like,2016-04-05,1,1304
like,2016-04-05,1,1305
like,2016-04-05,1,1306
like,2016-04-05,1,1307
like,2016-04-05,1,1308
like,2016-04-05,1,1309
like,2016-04-05,1,1310
like,2016-04-05,1,1311
like,2016-04-05,1,1312
like,2016-04-05,1,1313
like,2016-04-05,1,1314
like,2016-04-05,1,1315
like,2016-04-05,1,1316
like,2016-04-05,1,1317
like,2016-04-05,1,1318
like,2016-04-05,1,1319
like,2016-04-05,1,1320
like,2016-04-05,1,1321
like,2016-04-05,1,1322
like,2016-04-05,1,1323
like,2016-04-05,1,1324
like,2016-04-05,1,1325
like,2016-04-05,1,1326
like,2016-04-05,1,1327
like,2016-04-05,1,1328
like,2016-04-05,1,1329
like,2016-04-05,1,1330
like,2016-04-05,1,1331
like,2016-04-05,1,1332
like,2016-04-05,1,1333
like,2016-04-05,1,1334
like,2016-04-05,1,1335
like,2016-04-05,1,1336
like,2016-04-05,1,1337
like,2016-04-05,1,1338
like,2016-04-05,1,1339
like,2016-04-05,1,1340
like,2016-04-05,1,1341
like,2016-04-05,1,1342
like,2016-04-05,1,1343
like,2016-04-05,1,1344
like,2016-04-05,1,1345
like,2016-04-05,1,1346
like,2016-04-05,1,1347
like,2016-04-05,1,1348
like,2016-04-05,1,1349
like,2016-04-05,1,1350
like,2016-04-05,1,1351
like,2016-04-05,1,1352
like,2016-04-05,1,1353
like,2016-04-05,1,1354
like,2016-04-05,1,1355
like,2016-04-05,1,1356
like,2016-04-05,1,1357
like,2016-04-05,1,1358
like,2016-04-05,1,1359
like,2016-04-05,1,1360
like,2016-04-05,1,1361
like,2016-04-05,1,1362
like,2016-04-05,1,1363
like,2016-04-05,1,1364
like,2016-04-05,1,1365
like,2016-04-05,1,1366
like,2016-04-05,1,1367
like,2016-04-05,1,1368
like,2016-04-05,1,1369
like,2016-04-05,1,1370
like,2016-04-05,1,1371
like,2016-04-05,1,1372
like,2016-04-05,1,1373
like,2016-04-05,1,1374
like,2016-04-05,1,1375
like,2016-04-05,1,1376
like,2016-04-05,1,1377
like,2016-04-05,1,1378
like,2016-04-05,1,1379
like,2016-04-05,1,1380
like,2016-04-05,1,1381
like,2016-04-05,1,1382
like,2016-04-05,1,1383
like,2016-04-05,1,1384
like,2016-04-05,1,1385
like,2016-04-05,1,1386
like,2016-04-05,1,1387
like,2016-04-05,1,1388
like,2016-04-05,1,1389
like,2016-04-05,1,1390
like,2016-04-05,1,1391
like,2016-04-05,1,1392
like,2016-04-05,1,1393
like,2016-04-05,1,1394
like,2016-04-05,1,1395
like,2016-04-05,1,1396
like,2016-04-05,1,1397
like,2016-04-05,1,1398
like,2016-04-05,1,1399
like,2016-04-05,1,1400
like,2016-04-05,1,1401
like,2016-04-05,1,1402
like,2016-04-05,1,1403
like,2016-04-05,1,1404
like,2016-04-05,1,1405
like,2016-04-05,1,1406
like,2016-04-05,1,1407
like,2016-04-05,1,1408
like,2016-04-05,1,1409
like,2016-04-05,1,1410
like,2016-04-05,1,1411
like,2016-04-05,1,1412
like,2016-04-05,1,1413
like,2016-04-05,1,1414
like,2016-04-05,1,1415
like,2016-04-05,1,1416
like,2016-04-05,1,1417
like,2016-04-05,1,1418
like,2016-04-05,1,1419
like,2016-04-05,1,1420
like,2016-04-05,1,1421
like,2016-04-05,1,1422
like,2016-04-05,1,1423
like,2016-04-05,1,1424
like,2016-04-05,1,1425
like,2016-04-05,1,1426
like,2016-04-05,1,1427
like,2016-04-05,1,1428
like,2016-04-05,1,1429
like,2016-04-05,1,1430
like,2016-04-05,1,1431
like,2016-04-05,1,1432
like,2016-04-05,1,1433
like,2016-04-05,1,1434
like,2016-04-05,1,1435
like,2016-04-05,1,1436
like,2016-04-05,1,1437
like,2016-04-05,1,1438
like,2016-04-05,1,1439
like,2016-04-05,1,1440
like,2016-04-05,1,1441
like,2016-04-05,1,1442
like,2016-04-05,1,1443
like,2016-04-05,1,1444
like,2016-04-05,1,1445
like,2016-04-05,1,1446
like,2016-04-05,1,1447
like,2016-04-05,1,1448
like,2016-04-05,1,1449
like,2016-04-05,1,1450
like,2016-04-05,1,1451
like,2016-04-05,1,1452
like,2016-04-05,1,1453
like,2016-04-05,1,1454
like,2016-04-05,1,1455
like,2016-04-05,1,1456
like,2016-04-05,1,1457
like,2016-04-05,1,1458
like,2016-04-05,1,1459
like,2016-04-05,1,1460
like,2016-04-05,1,1461
like,2016-04-05,1,1462
like,2016-04-05,1,1463
like,2016-04-05,1,1464
like,2016-04-05,1,1465
like,2016-04-05,1,1466
like,2016-04-05,1,1467
like,2016-04-05,1,1468
like,2016-04-05,1,1469
like,2016-04-05,1,1470
like,2016-04-05,1,1471
like,2016-04-05,1,1472
like,2016-04-05,1,1473
like,2016-04-05,1,1474
like,2016-04-05,1,1475
like,2016-04-05,1,1476
like,2016-04-05,1,1477
like,2016-04-05,1,1478
like,2016-04-05,1,1479
like,2016-04-05,1,1480
like,2016-04-05,1,1481
like,2016-04-05,1,1482
like,2016-04-05,1,1483
like,2016-04-05,1,1484
like,2016-04-05,1,1485
like,2016-04-05,1,1486
like,2016-04-05,1,1487
like,2016-04-05,1,1488
like,2016-04-05,1,1489
like,2016-04-05,1,1490
like,2016-04-05,1,1491
like,2016-04-05,1,1492
like,2016-04-05,1,1493
like,2016-04-05,1,1494
like,2016-04-05,1,1495
like,2016-04-05,1,1496
like,2016-04-05,1,1497
like,2016-04-05,1,1498
like,2016-04-05,1,1499
like,2016-04-05,1,1500
like,2016-04-05,1,1501
like,2016-04-05,1,1502
like,2016-04-05,1,1503
like,2016-04-05,1,1504
like,2016-04-05,1,1505
like,2016-04-05,1,1506
like,2016-04-05,1,1507
like,2016-04-05,1,1508
like,2016-04-05,1,1509
like,2016-04-05,1,1510
like,2016-04-05,1,1511
like,2016-04-05,1,1512
like,2016-04-05,1,1513
like,2016-04-05,1,1514
like,2016-04-05,1,1515
like,2016-04-05,1,1516
like,2016-04-05,1,1517
like,2016-04-05,1,1518
like,2016-04-05,1,1519
like,2016-04-05,1,1520
like,2016-04-05,1,1521
like,2016-04-05,1,1522
like,2016-04-05,1,1523
like,2016-04-05,1,1524
like,2016-04-05,1,1525
like,2016-04-05,1,1526
like,2016-04-05,1,1527
like,2016-04-05,1,1528
like,2016-04-05,1,1529
like,2016-04-05,1,1530
like,2016-04-05,1,1531
like,2016-04-05,1,1532
like,2016-04-05,1,1533
like,2016-04-05,1,1534
like,2016-04-05,1,1535
like,2016-04-05,1,1536
like,2016-04-05,1,1537
like,2016-04-05,1,1538
like,2016-04-05,1,1539
like,2016-04-05,1,1540
like,2016-04-05,1,1541
like,2016-04-05,1,1542
like,2016-04-05,1,1543
like,2016-04-05,1,1544
like,2016-04-05,1,1545
like,2016-04-05,1,1546
like,2016-04-05,1,1547
like,2016-04-05,1,1548
like,2016-04-05,1,1549
like,2016-04-05,1,1550
like,2016-04-05,1,1551
like,2016-04-05,1,1552
like,2016-04-05,1,1553
like,2016-04-05,1,1554
like,2016-04-05,1,1555
like,2016-04-05,1,1556
like,2016-04-05,1,1557
asset_comment,2016-04-05,3,1560
like,2016-04-05,1,1561
like,2016-04-05,1,1562
like,2016-04-05,1,1563
like,2016-04-05,1,1564
like,2016-04-05,1,1565
like,2016-04-05,1,1566
like,2016-04-05,1,1567
like,2016-04-05,1,1568
like,2016-04-05,1,1569
like,2016-04-05,1,1570
like,2016-04-05,1,1571
like,2016-04-05,1,1572
like,2016-04-05,1,1573
like,2016-04-05,1,1574
like,2016-04-05,1,1575
like,2016-04-05,1,1576
like,2016-04-05,1,1577
like,2016-04-05,1,1578
like,2016-04-05,1,1579
like,2016-04-05,1,1580
like,2016-04-05,1,1581
like,2016-04-05,1,1582
like,2016-04-05,1,1583
like,2016-04-05,1,1584
like,2016-04-05,1,1585
like,2016-04-05,1,1586
like,2016-04-05,1,1587
like,2016-04-05,1,1588
like,2016-04-05,1,1589
like,2016-04-05,1,1590
like,2016-04-05,1,1591
like,2016-04-05,1,1592
like,2016-04-05,1,1593
like,2016-04-05,1,1594
like,2016-04-05,1,1595
like,2016-04-05,1,1596
like,2016-04-05,1,1597
like,2016-04-05,1,1598
like,2016-04-05,1,1599
like,2016-04-05,1,1600
like,2016-04-05,1,1601
like,2016-04-05,1,1602
like,2016-04-05,1,1603
like,2016-04-05,1,1604
like,2016-04-05,1,1605
like,2016-04-05,1,1606
like,2016-04-05,1,1607
like,2016-04-05,1,1608
like,2016-04-05,1,1609
like,2016-04-05,1,1610
like,2016-04-05,1,1611
like,2016-04-05,1,1612
like,2016-04-05,1,1613
like,2016-04-05,1,1614
like,2016-04-05,1,1615
like,2016-04-05,1,1616
like,2016-04-05,1,1617
like,2016-04-05,1,1618
like,2016-04-05,1,1619
like,2016-04-05,1,1620
like,2016-04-05,1,1621
like,2016-04-05,1,1622
like,2016-04-05,1,1623
like,2016-04-05,1,1624
like,2016-04-05,1,1625
like,2016-04-05,1,1626
like,2016-04-05,1,1627
like,2016-04-05,1,1628
like,2016-04-05,1,1629
like,2016-04-05,1,1630
like,2016-04-05,1,1631
like,2016-04-05,1,1632
like,2016-04-05,1,1633
like,2016-04-05,1,1634
like,2016-04-05,1,1635
like,2016-04-05,1,1636
like,2016-04-05,1,1637
like,2016-04-05,1,1638
like,2016-04-05,1,1639
like,2016-04-05,1,1640
like,2016-04-05,1,1641
like,2016-04-05,1,1642
like,2016-04-05,1,1643
like,2016-04-05,1,1644
like,2016-04-05,1,1645
like,2016-04-05,1,1646
like,2016-04-05,1,1647
like,2016-04-05,1,1648
like,2016-04-05,1,1649
like,2016-04-05,1,1650
like,2016-04-05,1,1651
like,2016-04-05,1,1652
like,2016-04-05,1,1653
like,2016-04-05,1,1654
like,2016-04-05,1,1655
like,2016-04-05,1,1656
like,2016-04-05,1,1657
get_like,2016-04-05,1,1658
submit_assignment,2016-04-05,20,1678
like,2016-04-05,1,1679
get_like,2016-04-05,1,1680
get_like,2016-04-05,1,1681
get_like,2016-04-05,1,1682
get_like,2016-04-05,1,1683
get_like,2016-04-06,1,1684
get_like,2016-04-06,1,1685
get_like,2016-04-06,1,1686
get_like,2016-04-06,1,1687
get_like,2016-04-06,1,1688
get_like,2016-04-06,1,1689
get_like,2016-04-06,1,1690
get_like,2016-04-06,1,1691
get_like,2016-04-06,1,1692
get_like,2016-04-06,1,1693
get_like,2016-04-06,1,1694
get_like,2016-04-07,1,1695
get_like,2016-04-07,1,1696
get_like,2016-04-07,1,1697
get_like,2016-04-07,1,1698
get_like,2016-04-07,1,1699
get_like,2016-04-07,1,1700
asset_comment,2016-04-07,3,1703
asset_comment,2016-04-07,3,1706
like,2016-04-07,1,1707
like,2016-04-07,1,1708
like,2016-04-07,1,1709
asset_comment,2016-04-07,3,1712
asset_comment,2016-04-07,3,1715
get_asset_comment_reply,2016-04-07,1,1716
get_like,2016-04-07,1,1717
get_like,2016-04-07,1,1718
get_asset_comment,2016-04-07,1,1719
get_asset_comment,2016-04-07,1,1720
get_like,2016-04-08,1,1721
get_asset_comment,2016-04-08,1,1722
get_like,2016-04-09,1,1723
get_asset_comment,2016-04-09,1,1724
asset_comment,2016-04-09,3,1727
asset_comment,2016-04-09,3,1730
like,2016-04-09,1,1731
like,2016-04-09,1,1732
like,2016-04-09,1,1733
get_like,2016-04-09,1,1734
get_like,2016-04-10,1,1735
get_like,2016-04-10,1,1736
get_like,2016-04-10,1,1737
get_like,2016-04-10,1,1738
get_like,2016-04-10,1,1739
get_like,2016-04-10,1,1740
get_like,2016-04-10,1,1741
get_like,2016-04-10,1,1742
get_like,2016-04-10,1,1743
get_like,2016-04-10,1,1744
get_like,2016-04-10,1,1745
get_like,2016-04-10,1,1746
submit_assignment,2016-04-10,20,1766
like,2016-04-10,1,1767
asset_comment,2016-04-10,3,1770
like,2016-04-10,1,1771
asset_comment,2016-04-10,3,1774
discussion_entry,2016-04-10,3,1777
get_like,2016-04-10,1,1778
get_asset_comment,2016-04-10,1,1779
get_like,2016-04-10,1,1780
get_like,2016-04-10,1,1781
get_like,2016-04-10,1,1782
get_asset_comment,2016-04-10,1,1783
like,2016-04-10,1,1784
submit_assignment,2016-04-10,20,1804
get_like,2016-04-10,1,1805
get_like,2016-04-10,1,1806
get_asset_comment_reply,2016-04-10,1,1807
get_like,2016-04-10,1,1808
get_like,2016-04-10,1,1809
get_asset_comment,2016-04-10,1,1810
get_asset_comment,2016-04-10,1,1811
get_like,2016-04-10,1,1812
get_like,2016-04-10,1,1813
get_like,2016-04-10,1,1814
get_asset_comment,2016-04-10,1,1815
get_like,2016-04-10,1,1816
get_asset_comment,2016-04-10,1,1817
get_like,2016-04-10,1,1818
get_asset_comment,2016-04-10,1,1819
asset_comment,2016-04-10,3,1822
get_asset_comment,2016-04-10,1,1823
asset_comment,2016-04-10,3,1826
get_like,2016-04-10,1,1827
get_like,2016-04-10,1,1828
get_like,2016-04-10,1,1829
get_asset_comment,2016-04-10,1,1830
get_like,2016-04-11,1,1831
get_like,2016-04-11,1,1832
get_like,2016-04-11,1,1833
get_asset_comment_reply,2016-04-11,1,1834
get_like,2016-04-11,1,1835
get_like,2016-04-11,1,1836
get_like,2016-04-11,1,1837
get_like,2016-04-11,1,1838
get_like,2016-04-11,1,1839
get_like,2016-04-11,1,1840
get_asset_comment,2016-04-11,1,1841
get_like,2016-04-12,1,1842
get_like,2016-04-12,1,1843
get_like,2016-04-12,1,1844
get_asset_comment,2016-04-12,1,1845
get_like,2016-04-12,1,1846
get_like,2016-04-12,1,1847
get_like,2016-04-12,1,1848
get_like,2016-04-12,1,1849
get_asset_comment_reply,2016-04-12,1,1850
get_asset_comment_reply,2016-04-12,1,1851
asset_comment,2016-04-12,3,1854
get_like,2016-04-12,1,1855
get_like,2016-04-12,1,1856
get_like,2016-04-12,1,1857
get_asset_comment,2016-04-12,1,1858
get_like,2016-04-12,1,1859
get_like,2016-04-12,1,1860
get_like,2016-04-12,1,1861
get_like,2016-04-12,1,1862
get_like,2016-04-12,1,1863
get_like,2016-04-12,1,1864
get_like,2016-04-13,1,1865
get_like,2016-04-13,1,1866
get_asset_comment,2016-04-13,1,1867
asset_comment,2016-04-13,3,1870
get_asset_comment,2016-04-13,1,1871
asset_comment,2016-04-13,3,1874
get_asset_comment,2016-04-13,1,1875
asset_comment,2016-04-13,3,1878
get_asset_comment,2016-04-13,1,1879
asset_comment,2016-04-13,3,1882
get_asset_comment,2016-04-13,1,1883
asset_comment,2016-04-13,3,1886
discussion_entry,2016-04-13,3,1889
discussion_entry,2016-04-13,3,1892
get_like,2016-04-13,1,1893
get_like,2016-04-13,1,1894
get_like,2016-04-13,1,1895
get_like,2016-04-14,1,1896
get_like,2016-04-14,1,1897
get_like,2016-04-14,1,1898
get_like,2016-04-14,1,1899
get_like,2016-04-14,1,1900
get_like,2016-04-14,1,1901
get_like,2016-04-14,1,1902
get_like,2016-04-14,1,1903
get_like,2016-04-14,1,1904
get_like,2016-04-14,1,1905
get_like,2016-04-14,1,1906
get_like,2016-04-14,1,1907
get_like,2016-04-14,1,1908
like,2016-04-14,1,1909
asset_comment,2016-04-14,3,1912
like,2016-04-14,1,1913
asset_comment,2016-04-14,3,1916
like,2016-04-14,1,1917
asset_comment,2016-04-14,3,1920
like,2016-04-14,1,1921
like,2016-04-14,1,1922
like,2016-04-14,1,1923
asset_comment,2016-04-14,3,1926
like,2016-04-14,1,1927
asset_comment,2016-04-14,3,1930
like,2016-04-14,1,1931
asset_comment,2016-04-14,3,1934
like,2016-04-14,1,1935
like,2016-04-14,1,1936
like,2016-04-14,1,1937
asset_comment,2016-04-14,3,1940
like,2016-04-14,1,1941
like,2016-04-14,1,1942
like,2016-04-14,1,1943
like,2016-04-14,1,1944
like,2016-04-14,1,1945
like,2016-04-14,1,1946
like,2016-04-14,1,1947
like,2016-04-14,1,1948
like,2016-04-14,1,1949
like,2016-04-14,1,1950
like,2016-04-14,1,1951
like,2016-04-14,1,1952
like,2016-04-14,1,1953
like,2016-04-14,1,1954
like,2016-04-14,1,1955
like,2016-04-14,1,1956
like,2016-04-14,1,1957
like,2016-04-14,1,1958
like,2016-04-14,1,1959
like,2016-04-14,1,1960
like,2016-04-14,1,1961
like,2016-04-14,1,1962
like,2016-04-14,1,1963
like,2016-04-14,1,1964
like,2016-04-14,1,1965
like,2016-04-14,1,1966
like,2016-04-14,1,1967
like,2016-04-14,1,1968
like,2016-04-14,1,1969
like,2016-04-14,1,1970
like,2016-04-14,1,1971
like,2016-04-14,1,1972
like,2016-04-14,1,1973
like,2016-04-14,1,1974
like,2016-04-14,1,1975
like,2016-04-14,1,1976
like,2016-04-14,1,1977
like,2016-04-14,1,1978
get_like,2016-04-14,1,1979
get_like,2016-04-14,1,1980
get_asset_comment,2016-04-15,1,1981
get_like,2016-04-15,1,1982
get_like,2016-04-15,1,1983
get_like,2016-04-15,1,1984
get_like,2016-04-15,1,1985
get_like,2016-04-15,1,1986
get_like,2016-04-15,1,1987
get_like,2016-04-15,1,1988
get_like,2016-04-15,1,1989
get_like,2016-04-15,1,1990
get_like,2016-04-15,1,1991
get_like,2016-04-15,1,1992
get_like,2016-04-15,1,1993
get_like,2016-04-15,1,1994
get_like,2016-04-15,1,1995
get_like,2016-04-15,1,1996
get_like,2016-04-15,1,1997
get_like,2016-04-16,1,1998
get_like,2016-04-16,1,1999
get_like,2016-04-16,1,2000
get_asset_comment,2016-04-16,1,2001
get_like,2016-04-16,1,2002
get_asset_comment,2016-04-16,1,2003
get_asset_comment_reply,2016-04-16,1,2004
get_asset_comment_reply,2016-04-16,1,2005
get_like,2016-04-16,1,2006
get_asset_comment,2016-04-16,1,2007
get_asset_comment,2016-04-16,1,2008
asset_comment,2016-04-16,3,2011
like,2016-04-16,1,2012
submit_assignment,2016-04-16,20,2032
get_like,2016-04-17,1,2033
get_like,2016-04-17,1,2034
get_like,2016-04-17,1,2035
get_asset_comment,2016-04-17,1,2036
get_like,2016-04-17,1,2037
get_asset_comment,2016-04-17,1,2038
get_like,2016-04-17,1,2039
get_like,2016-04-17,1,2040
get_like,2016-04-17,1,2041
get_like,2016-04-17,1,2042
get_like,2016-04-17,1,2043
get_like,2016-04-17,1,2044
get_asset_comment,2016-04-17,1,2045
get_like,2016-04-17,1,2046
get_asset_comment,2016-04-17,1,2047
get_asset_comment,2016-04-17,1,2048
get_like,2016-04-17,1,2049
get_like,2016-04-17,1,2050
get_like,2016-04-17,1,2051
get_asset_comment_reply,2016-04-17,1,2052
get_like,2016-04-17,1,2053
get_asset_comment,2016-04-17,1,2054
get_like,2016-04-17,1,2055
get_asset_comment_reply,2016-04-18,1,2056
get_like,2016-04-18,1,2057
get_like,2016-04-18,1,2058
get_like,2016-04-18,1,2059
get_asset_comment,2016-04-18,1,2060
get_asset_comment,2016-04-18,1,2061
get_asset_comment,2016-04-18,1,2062
get_asset_comment,2016-04-18,1,2063
get_like,2016-04-18,1,2064
get_like,2016-04-18,1,2065
get_asset_comment,2016-04-18,1,2066
get_like,2016-04-18,1,2067
get_asset_comment,2016-04-18,1,2068
get_asset_comment_reply,2016-04-18,1,2069
get_like,2016-04-19,1,2070
get_like,2016-04-19,1,2071
get_asset_comment,2016-04-19,1,2072
get_like,2016-04-19,1,2073
get_asset_comment_reply,2016-04-19,1,2074
get_asset_comment,2016-04-19,1,2075
get_asset_comment,2016-04-19,1,2076
get_asset_comment_reply,2016-04-19,1,2077
get_like,2016-04-19,1,2078
get_like,2016-04-19,1,2079
get_asset_comment,2016-04-19,1,2080
asset_comment,2016-04-19,3,2083
get_asset_comment,2016-04-19,1,2084
asset_comment,2016-04-19,3,2087
get_asset_comment,2016-04-19,1,2088
asset_comment,2016-04-19,3,2091
like,2016-04-19,1,2092
asset_comment,2016-04-19,3,2095
asset_comment,2016-04-19,3,2098
like,2016-04-19,1,2099
like,2016-04-19,1,2100
get_like,2016-04-19,1,2101
get_like,2016-04-19,1,2102
get_like,2016-04-19,1,2103
get_like,2016-04-19,1,2104
get_like,2016-04-19,1,2105
get_like,2016-04-19,1,2106
get_asset_comment,2016-04-19,1,2107
get_like,2016-04-20,1,2108
get_asset_comment,2016-04-20,1,2109
get_asset_comment,2016-04-20,1,2110
get_like,2016-04-21,1,2111
get_asset_comment,2016-04-21,1,2112
get_asset_comment_reply,2016-04-21,1,2113
like,2016-04-21,1,2114
asset_comment,2016-04-21,3,2117
like,2016-04-21,1,2118
asset_comment,2016-04-21,3,2121
like,2016-04-21,1,2122
like,2016-04-21,1,2123
like,2016-04-21,1,2124
like,2016-04-21,1,2125
like,2016-04-21,1,2126
asset_comment,2016-04-21,3,2129
like,2016-04-21,1,2130
like,2016-04-21,1,2131
get_asset_comment,2016-04-21,1,2132
asset_comment,2016-04-21,3,2135
get_asset_comment,2016-04-21,1,2136
asset_comment,2016-04-21,3,2139
get_asset_comment_reply,2016-04-21,1,2140
get_asset_comment,2016-04-21,1,2141
asset_comment,2016-04-21,3,2144
get_asset_comment,2016-04-21,1,2145
asset_comment,2016-04-21,3,2148
like,2016-04-21,1,2149
asset_comment,2016-04-21,3,2152
like,2016-04-21,1,2153
asset_comment,2016-04-21,3,2156
like,2016-04-21,1,2157
asset_comment,2016-04-21,3,2160
like,2016-04-21,1,2161
asset_comment,2016-04-21,3,2164
get_like,2016-04-21,1,2165
like,2016-04-21,1,2166
like,2016-04-21,1,2167
like,2016-04-21,1,2168
like,2016-04-21,1,2169
like,2016-04-21,1,2170
like,2016-04-21,1,2171
like,2016-04-21,1,2172
like,2016-04-21,1,2173
like,2016-04-21,1,2174
like,2016-04-21,1,2175
like,2016-04-21,1,2176
like,2016-04-21,1,2177
like,2016-04-21,1,2178
get_asset_comment_reply,2016-04-21,1,2179
get_asset_comment_reply,2016-04-22,1,2180
get_like,2016-04-23,1,2181
get_like,2016-04-23,1,2182
get_like,2016-04-23,1,2183
get_like,2016-04-23,1,2184
get_like,2016-04-23,1,2185
get_like,2016-04-23,1,2186
get_like,2016-04-23,1,2187
get_like,2016-04-23,1,2188
get_like,2016-04-23,1,2189
get_asset_comment,2016-04-23,1,2190
get_asset_comment_reply,2016-04-24,1,2191
get_like,2016-04-24,1,2192
get_like,2016-04-24,1,2193
get_like,2016-04-24,1,2194
get_like,2016-04-24,1,2195
get_like,2016-04-24,1,2196
get_like,2016-04-24,1,2197
get_like,2016-04-24,1,2198
get_like,2016-04-24,1,2199
get_like,2016-04-24,1,2200
get_like,2016-04-24,1,2201
get_asset_comment,2016-04-24,1,2202
get_asset_comment_reply,2016-04-25,1,2203
get_like,2016-04-25,1,2204
get_like,2016-04-25,1,2205
get_like,2016-04-25,1,2206
get_like,2016-04-25,1,2207
get_like,2016-04-25,1,2208
get_like,2016-04-25,1,2209
get_like,2016-04-25,1,2210
get_like,2016-04-25,1,2211
get_like,2016-04-25,1,2212
get_like,2016-04-25,1,2213
get_like,2016-04-25,1,2214
get_like,2016-04-26,1,2215
get_like,2016-04-26,1,2216
asset_comment,2016-04-26,3,2219
like,2016-04-26,1,2220
asset_comment,2016-04-26,3,2223
like,2016-04-26,1,2224
get_like,2016-04-26,1,2225
asset_comment,2016-04-26,3,2228
asset_comment,2016-04-26,3,2231
get_like,2016-04-26,1,2232
like,2016-04-26,1,2233
asset_comment,2016-04-26,3,2236
like,2016-04-26,1,2237
get_like,2016-04-26,1,2238
asset_comment,2016-04-26,3,2241
add_asset,2016-04-26,20,2261
get_like,2016-04-26,1,2262
add_asset,2016-04-26,20,2282
get_asset_comment,2016-04-26,1,2283
get_like,2016-04-26,1,2284
get_like,2016-04-26,1,2285
like,2016-04-26,1,2286
asset_comment,2016-04-26,3,2289
get_asset_comment,2016-04-26,1,2290
like,2016-04-26,1,2291
like,2016-04-26,1,2292
like,2016-04-26,1,2293
like,2016-04-26,1,2294
like,2016-04-26,1,2295
like,2016-04-26,1,2296
like,2016-04-26,1,2297
like,2016-04-26,1,2298
get_asset_comment,2016-04-26,1,2299
get_like,2016-04-26,1,2300
get_like,2016-04-26,1,2301
get_asset_comment_reply,2016-04-26,1,2302
get_like,2016-04-26,1,2303
get_like,2016-04-26,1,2304
get_asset_comment,2016-04-26,1,2305
get_like,2016-04-26,1,2306
get_asset_comment,2016-04-26,1,2307
get_like,2016-04-26,1,2308
get_asset_comment,2016-04-26,1,2309
get_like,2016-04-26,1,2310
get_like,2016-04-26,1,2311
get_asset_comment,2016-04-26,1,2312
asset_comment,2016-04-26,3,2315
get_like,2016-04-26,1,2316
get_like,2016-04-26,1,2317
get_like,2016-04-26,1,2318
get_asset_comment,2016-04-26,1,2319
get_like,2016-04-26,1,2320
get_like,2016-04-26,1,2321
get_like,2016-04-26,1,2322
get_like,2016-04-27,1,2323
get_like,2016-04-27,1,2324
